<?xml version="1.0" encoding="UTF-8"?>
<export version="E">
  <design>
    <source>/Users/dulanya/Desktop/le2-pcb-hardware/flight-module/Connector-board/Connector-board.kicad_sch</source>
    <date>2024 March 29, Friday 08:56:54</date>
    <tool>Eeschema 7.0.7</tool>
    <sheet number="1" name="/" tstamps="/">
      <title_block>
        <title/>
        <company/>
        <rev/>
        <date/>
        <source>Connector-board.kicad_sch</source>
        <comment number="1" value=""/>
        <comment number="2" value=""/>
        <comment number="3" value=""/>
        <comment number="4" value=""/>
        <comment number="5" value=""/>
        <comment number="6" value=""/>
        <comment number="7" value=""/>
        <comment number="8" value=""/>
        <comment number="9" value=""/>
      </title_block>
    </sheet>
    <sheet number="2" name="/max31855_breakout1/" tstamps="/95fc176b-4136-4066-bbee-7aae478650b3/">
      <title_block>
        <title/>
        <company/>
        <rev/>
        <date/>
        <source>max31855_breakout.kicad_sch</source>
        <comment number="1" value=""/>
        <comment number="2" value=""/>
        <comment number="3" value=""/>
        <comment number="4" value=""/>
        <comment number="5" value=""/>
        <comment number="6" value=""/>
        <comment number="7" value=""/>
        <comment number="8" value=""/>
        <comment number="9" value=""/>
      </title_block>
    </sheet>
    <sheet number="3" name="/max31855_breakout4/" tstamps="/0b5f2851-e438-4a3b-a01b-a2c5f3d6ab83/">
      <title_block>
        <title/>
        <company/>
        <rev/>
        <date/>
        <source>max31855_breakout.kicad_sch</source>
        <comment number="1" value=""/>
        <comment number="2" value=""/>
        <comment number="3" value=""/>
        <comment number="4" value=""/>
        <comment number="5" value=""/>
        <comment number="6" value=""/>
        <comment number="7" value=""/>
        <comment number="8" value=""/>
        <comment number="9" value=""/>
      </title_block>
    </sheet>
    <sheet number="4" name="/max31855_breakout2/" tstamps="/13959a49-d0e2-4812-9ae8-3b9647a96e38/">
      <title_block>
        <title/>
        <company/>
        <rev/>
        <date/>
        <source>max31855_breakout.kicad_sch</source>
        <comment number="1" value=""/>
        <comment number="2" value=""/>
        <comment number="3" value=""/>
        <comment number="4" value=""/>
        <comment number="5" value=""/>
        <comment number="6" value=""/>
        <comment number="7" value=""/>
        <comment number="8" value=""/>
        <comment number="9" value=""/>
      </title_block>
    </sheet>
    <sheet number="5" name="/max31855_breakout3/" tstamps="/7222f33b-abdc-4141-a2bb-e5303714b60e/">
      <title_block>
        <title/>
        <company/>
        <rev/>
        <date/>
        <source>max31855_breakout.kicad_sch</source>
        <comment number="1" value=""/>
        <comment number="2" value=""/>
        <comment number="3" value=""/>
        <comment number="4" value=""/>
        <comment number="5" value=""/>
        <comment number="6" value=""/>
        <comment number="7" value=""/>
        <comment number="8" value=""/>
        <comment number="9" value=""/>
      </title_block>
    </sheet>
  </design>
  <components>
    <comp ref="4TC_DSUB1">
      <value>DB9_Female</value>
      <footprint>Connector_Dsub:DSUB-9_Female_Vertical_P2.77x2.84mm_MountingHoles</footprint>
      <datasheet> ~</datasheet>
      <libsource lib="Connector" part="DE9_Receptacle" description="9-pin female receptacle socket D-SUB connector"/>
      <property name="Sheetname" value=""/>
      <property name="Sheetfile" value="Connector-board.kicad_sch"/>
      <property name="ki_description" value="9-pin female receptacle socket D-SUB connector"/>
      <property name="ki_keywords" value="connector receptacle female D-SUB DB9"/>
      <sheetpath names="/" tstamps="/"/>
      <tstamps>0d663c30-31e1-4507-bfd7-122e77665596</tstamps>
    </comp>
    <comp ref="C1">
      <value>22 µF</value>
      <footprint>Diode_SMD:D_0603_1608Metric</footprint>
      <libsource lib="Device" part="C" description="Unpolarized capacitor"/>
      <property name="Sheetname" value=""/>
      <property name="Sheetfile" value="Connector-board.kicad_sch"/>
      <property name="ki_description" value="Unpolarized capacitor"/>
      <property name="ki_keywords" value="cap capacitor"/>
      <sheetpath names="/" tstamps="/"/>
      <tstamps>7540b6a3-f2d3-4925-a914-c9c6b30b160f</tstamps>
    </comp>
    <comp ref="C2">
      <value>22 µF</value>
      <footprint>Diode_SMD:D_0603_1608Metric</footprint>
      <libsource lib="Device" part="C" description="Unpolarized capacitor"/>
      <property name="Sheetname" value=""/>
      <property name="Sheetfile" value="Connector-board.kicad_sch"/>
      <property name="ki_description" value="Unpolarized capacitor"/>
      <property name="ki_keywords" value="cap capacitor"/>
      <sheetpath names="/" tstamps="/"/>
      <tstamps>a6c801e8-9f6b-4945-abe2-42323866b5b9</tstamps>
    </comp>
    <comp ref="D1">
      <value>D_Schottky</value>
      <footprint>Diode_SMD:D_SOD-128</footprint>
      <libsource lib="Device" part="D_Schottky" description="Schottky diode"/>
      <property name="Sheetname" value=""/>
      <property name="Sheetfile" value="Connector-board.kicad_sch"/>
      <property name="ki_description" value="Schottky diode"/>
      <property name="ki_keywords" value="diode Schottky"/>
      <sheetpath names="/" tstamps="/"/>
      <tstamps>56b71124-453c-481b-8d06-9a70136d9d22</tstamps>
    </comp>
    <comp ref="D2">
      <value>D_Schottky</value>
      <footprint>Diode_SMD:D_SOD-128</footprint>
      <libsource lib="Device" part="D_Schottky" description="Schottky diode"/>
      <property name="Sheetname" value=""/>
      <property name="Sheetfile" value="Connector-board.kicad_sch"/>
      <property name="ki_description" value="Schottky diode"/>
      <property name="ki_keywords" value="diode Schottky"/>
      <sheetpath names="/" tstamps="/"/>
      <tstamps>99420643-1d98-4e27-bfef-9f0bd9421517</tstamps>
    </comp>
    <comp ref="D3">
      <value>D_Schottky</value>
      <footprint>Diode_SMD:D_SOD-128</footprint>
      <libsource lib="Device" part="D_Schottky" description="Schottky diode"/>
      <property name="Sheetname" value=""/>
      <property name="Sheetfile" value="Connector-board.kicad_sch"/>
      <property name="ki_description" value="Schottky diode"/>
      <property name="ki_keywords" value="diode Schottky"/>
      <sheetpath names="/" tstamps="/"/>
      <tstamps>938c36fd-b3ef-45a7-acfc-25f2677a1f31</tstamps>
    </comp>
    <comp ref="D4">
      <value>D_Schottky</value>
      <footprint>Diode_SMD:D_SOD-128</footprint>
      <libsource lib="Device" part="D_Schottky" description="Schottky diode"/>
      <property name="Sheetname" value=""/>
      <property name="Sheetfile" value="Connector-board.kicad_sch"/>
      <property name="ki_description" value="Schottky diode"/>
      <property name="ki_keywords" value="diode Schottky"/>
      <sheetpath names="/" tstamps="/"/>
      <tstamps>c487086a-3271-4633-8096-ec81c9d518fd</tstamps>
    </comp>
    <comp ref="D5">
      <value>D_Schottky</value>
      <footprint>Diode_SMD:D_SOD-128</footprint>
      <libsource lib="Device" part="D_Schottky" description="Schottky diode"/>
      <property name="Sheetname" value=""/>
      <property name="Sheetfile" value="Connector-board.kicad_sch"/>
      <property name="ki_description" value="Schottky diode"/>
      <property name="ki_keywords" value="diode Schottky"/>
      <sheetpath names="/" tstamps="/"/>
      <tstamps>12e1ee92-33b7-47f4-9edb-28d9b6cf639f</tstamps>
    </comp>
    <comp ref="D6">
      <value>D_Schottky</value>
      <footprint>Diode_SMD:D_SOD-128</footprint>
      <libsource lib="Device" part="D_Schottky" description="Schottky diode"/>
      <property name="Sheetname" value=""/>
      <property name="Sheetfile" value="Connector-board.kicad_sch"/>
      <property name="ki_description" value="Schottky diode"/>
      <property name="ki_keywords" value="diode Schottky"/>
      <sheetpath names="/" tstamps="/"/>
      <tstamps>3b594523-3f57-4611-ace7-28a220ec08e3</tstamps>
    </comp>
    <comp ref="D7">
      <value>D_Schottky</value>
      <footprint>Diode_SMD:D_SOD-128</footprint>
      <libsource lib="Device" part="D_Schottky" description="Schottky diode"/>
      <property name="Sheetname" value=""/>
      <property name="Sheetfile" value="Connector-board.kicad_sch"/>
      <property name="ki_description" value="Schottky diode"/>
      <property name="ki_keywords" value="diode Schottky"/>
      <sheetpath names="/" tstamps="/"/>
      <tstamps>76dda251-6630-42cf-8769-cb2c671079ff</tstamps>
    </comp>
    <comp ref="D8">
      <value>D_Schottky</value>
      <footprint>Diode_SMD:D_SOD-128</footprint>
      <libsource lib="Device" part="D_Schottky" description="Schottky diode"/>
      <property name="Sheetname" value=""/>
      <property name="Sheetfile" value="Connector-board.kicad_sch"/>
      <property name="ki_description" value="Schottky diode"/>
      <property name="ki_keywords" value="diode Schottky"/>
      <sheetpath names="/" tstamps="/"/>
      <tstamps>c9f68d9d-7bc1-4831-8db4-b8bac80202af</tstamps>
    </comp>
    <comp ref="GND_DSUB1">
      <value>DB15_Female</value>
      <footprint>Connector_Dsub:DSUB-15_Female_Vertical_P2.77x2.84mm_MountingHoles</footprint>
      <datasheet> ~</datasheet>
      <libsource lib="Connector" part="DB15_Female" description="15-pin female D-SUB connector (low-density/2 columns)"/>
      <property name="Sheetname" value=""/>
      <property name="Sheetfile" value="Connector-board.kicad_sch"/>
      <property name="ki_description" value="15-pin female D-SUB connector (low-density/2 columns)"/>
      <property name="ki_keywords" value="female D-SUB connector"/>
      <sheetpath names="/" tstamps="/"/>
      <tstamps>02c53317-dc16-4373-a399-803684f32e2a</tstamps>
    </comp>
    <comp ref="J1">
      <value>Stack_Shape</value>
      <footprint>Stack_Shape:Stack_Shape</footprint>
      <libsource lib="Stack_Shape" part="Stack_Shape" description=""/>
      <property name="Sheetname" value=""/>
      <property name="Sheetfile" value="Connector-board.kicad_sch"/>
      <sheetpath names="/" tstamps="/"/>
      <tstamps>ab317b40-65b8-4e85-b696-98c0bb3ca3dc 4a2a76c8-bc05-4e68-b4e3-2e18967d0f56</tstamps>
    </comp>
    <comp ref="PT_DSUB1">
      <value>DB25_Receptacle</value>
      <footprint>Connector_Dsub:DSUB-25_Female_Vertical_P2.77x2.84mm_MountingHoles</footprint>
      <datasheet> ~</datasheet>
      <libsource lib="Connector" part="DB25_Receptacle" description="25-pin female receptacle socket D-SUB connector"/>
      <property name="Sheetname" value=""/>
      <property name="Sheetfile" value="Connector-board.kicad_sch"/>
      <property name="ki_description" value="25-pin female receptacle socket D-SUB connector"/>
      <property name="ki_keywords" value="female receptacle D-SUB connector"/>
      <sheetpath names="/" tstamps="/"/>
      <tstamps>40312e3e-edaf-42ec-9e62-b0e3082162e8</tstamps>
    </comp>
    <comp ref="R1">
      <value>1k</value>
      <footprint>Diode_SMD:D_0603_1608Metric</footprint>
      <libsource lib="Device" part="R" description="Resistor"/>
      <property name="Sheetname" value=""/>
      <property name="Sheetfile" value="Connector-board.kicad_sch"/>
      <property name="ki_description" value="Resistor"/>
      <property name="ki_keywords" value="R res resistor"/>
      <sheetpath names="/" tstamps="/"/>
      <tstamps>1aae1e74-9cd8-48f0-937c-01870a34aa71</tstamps>
    </comp>
    <comp ref="R2">
      <value>1k</value>
      <footprint>Diode_SMD:D_0603_1608Metric</footprint>
      <libsource lib="Device" part="R" description="Resistor"/>
      <property name="Sheetname" value=""/>
      <property name="Sheetfile" value="Connector-board.kicad_sch"/>
      <property name="ki_description" value="Resistor"/>
      <property name="ki_keywords" value="R res resistor"/>
      <sheetpath names="/" tstamps="/"/>
      <tstamps>29b91bb0-1259-42de-b347-c95e5ee08767</tstamps>
    </comp>
    <comp ref="SOLENOIDS_DSUB1">
      <value>DB9_Female</value>
      <footprint>Connector_Dsub:DSUB-9_Female_Vertical_P2.77x2.84mm_MountingHoles</footprint>
      <datasheet> ~</datasheet>
      <libsource lib="Connector" part="DE9_Receptacle" description="9-pin female receptacle socket D-SUB connector"/>
      <property name="Sheetname" value=""/>
      <property name="Sheetfile" value="Connector-board.kicad_sch"/>
      <property name="ki_description" value="9-pin female receptacle socket D-SUB connector"/>
      <property name="ki_keywords" value="connector receptacle female D-SUB DB9"/>
      <sheetpath names="/" tstamps="/"/>
      <tstamps>3ae5fff5-e436-400d-8c6a-c56aa088dc11</tstamps>
    </comp>
    <comp ref="C3">
      <value>0.01u</value>
      <footprint>Capacitor_SMD:C_0603_1608Metric</footprint>
      <libsource lib="Device" part="C_Small" description="Unpolarized capacitor, small symbol"/>
      <property name="Sheetname" value="max31855_breakout1"/>
      <property name="Sheetfile" value="max31855_breakout.kicad_sch"/>
      <property name="ki_description" value="Unpolarized capacitor, small symbol"/>
      <property name="ki_keywords" value="capacitor cap"/>
      <sheetpath names="/max31855_breakout1/" tstamps="/95fc176b-4136-4066-bbee-7aae478650b3/"/>
      <tstamps>289101c1-7b16-4c53-9035-aba6ec3f52c8</tstamps>
    </comp>
    <comp ref="C4">
      <value>10u</value>
      <footprint>Capacitor_SMD:C_0603_1608Metric</footprint>
      <libsource lib="Device" part="C_Small" description="Unpolarized capacitor, small symbol"/>
      <property name="Sheetname" value="max31855_breakout1"/>
      <property name="Sheetfile" value="max31855_breakout.kicad_sch"/>
      <property name="ki_description" value="Unpolarized capacitor, small symbol"/>
      <property name="ki_keywords" value="capacitor cap"/>
      <sheetpath names="/max31855_breakout1/" tstamps="/95fc176b-4136-4066-bbee-7aae478650b3/"/>
      <tstamps>e89fff80-3432-4d09-9035-77ee05c75e45</tstamps>
    </comp>
    <comp ref="FB1">
      <value>FerriteBead_Small</value>
      <footprint>Capacitor_SMD:C_0603_1608Metric</footprint>
      <libsource lib="Device" part="FerriteBead_Small" description="Ferrite bead, small symbol"/>
      <property name="Sheetname" value="max31855_breakout1"/>
      <property name="Sheetfile" value="max31855_breakout.kicad_sch"/>
      <property name="ki_description" value="Ferrite bead, small symbol"/>
      <property name="ki_keywords" value="L ferrite bead inductor filter"/>
      <sheetpath names="/max31855_breakout1/" tstamps="/95fc176b-4136-4066-bbee-7aae478650b3/"/>
      <tstamps>e74d320f-d2f2-41fb-8d86-c3192789ab48</tstamps>
    </comp>
    <comp ref="FB2">
      <value>FerriteBead_Small</value>
      <footprint>Capacitor_SMD:C_0603_1608Metric</footprint>
      <libsource lib="Device" part="FerriteBead_Small" description="Ferrite bead, small symbol"/>
      <property name="Sheetname" value="max31855_breakout1"/>
      <property name="Sheetfile" value="max31855_breakout.kicad_sch"/>
      <property name="ki_description" value="Ferrite bead, small symbol"/>
      <property name="ki_keywords" value="L ferrite bead inductor filter"/>
      <sheetpath names="/max31855_breakout1/" tstamps="/95fc176b-4136-4066-bbee-7aae478650b3/"/>
      <tstamps>6c7d2659-eeeb-448e-97c8-2185d3409606</tstamps>
    </comp>
    <comp ref="R3">
      <value>10k</value>
      <footprint>Resistor_SMD:R_0603_1608Metric</footprint>
      <libsource lib="Device" part="R_Small" description="Resistor, small symbol"/>
      <property name="Sheetname" value="max31855_breakout1"/>
      <property name="Sheetfile" value="max31855_breakout.kicad_sch"/>
      <property name="ki_description" value="Resistor, small symbol"/>
      <property name="ki_keywords" value="R resistor"/>
      <sheetpath names="/max31855_breakout1/" tstamps="/95fc176b-4136-4066-bbee-7aae478650b3/"/>
      <tstamps>6b7a8a89-c037-4519-b3ab-67cd22c126e5</tstamps>
    </comp>
    <comp ref="U1">
      <value>MAX31855KASA</value>
      <footprint>Package_SO:SOIC-8_3.9x4.9mm_P1.27mm</footprint>
      <datasheet>http://datasheets.maximintegrated.com/en/ds/MAX31855.pdf</datasheet>
      <libsource lib="Sensor_Temperature" part="MAX31855KASA" description="Cold Junction K-type Termocouple Interface, SPI, SO8"/>
      <property name="Sheetname" value="max31855_breakout1"/>
      <property name="Sheetfile" value="max31855_breakout.kicad_sch"/>
      <property name="ki_description" value="Cold Junction K-type Termocouple Interface, SPI, SO8"/>
      <property name="ki_keywords" value="Cold Junction Termocouple Interface SPI"/>
      <sheetpath names="/max31855_breakout1/" tstamps="/95fc176b-4136-4066-bbee-7aae478650b3/"/>
      <tstamps>06c4aa57-a3d9-45e6-976b-4adfc89d30dd</tstamps>
    </comp>
    <comp ref="C5">
      <value>0.01u</value>
      <footprint>Capacitor_SMD:C_0603_1608Metric</footprint>
      <libsource lib="Device" part="C_Small" description="Unpolarized capacitor, small symbol"/>
      <property name="Sheetname" value="max31855_breakout4"/>
      <property name="Sheetfile" value="max31855_breakout.kicad_sch"/>
      <property name="ki_description" value="Unpolarized capacitor, small symbol"/>
      <property name="ki_keywords" value="capacitor cap"/>
      <sheetpath names="/max31855_breakout4/" tstamps="/0b5f2851-e438-4a3b-a01b-a2c5f3d6ab83/"/>
      <tstamps>289101c1-7b16-4c53-9035-aba6ec3f52c8</tstamps>
    </comp>
    <comp ref="C6">
      <value>10u</value>
      <footprint>Capacitor_SMD:C_0603_1608Metric</footprint>
      <libsource lib="Device" part="C_Small" description="Unpolarized capacitor, small symbol"/>
      <property name="Sheetname" value="max31855_breakout4"/>
      <property name="Sheetfile" value="max31855_breakout.kicad_sch"/>
      <property name="ki_description" value="Unpolarized capacitor, small symbol"/>
      <property name="ki_keywords" value="capacitor cap"/>
      <sheetpath names="/max31855_breakout4/" tstamps="/0b5f2851-e438-4a3b-a01b-a2c5f3d6ab83/"/>
      <tstamps>e89fff80-3432-4d09-9035-77ee05c75e45</tstamps>
    </comp>
    <comp ref="FB3">
      <value>FerriteBead_Small</value>
      <footprint>Capacitor_SMD:C_0603_1608Metric</footprint>
      <libsource lib="Device" part="FerriteBead_Small" description="Ferrite bead, small symbol"/>
      <property name="Sheetname" value="max31855_breakout4"/>
      <property name="Sheetfile" value="max31855_breakout.kicad_sch"/>
      <property name="ki_description" value="Ferrite bead, small symbol"/>
      <property name="ki_keywords" value="L ferrite bead inductor filter"/>
      <sheetpath names="/max31855_breakout4/" tstamps="/0b5f2851-e438-4a3b-a01b-a2c5f3d6ab83/"/>
      <tstamps>e74d320f-d2f2-41fb-8d86-c3192789ab48</tstamps>
    </comp>
    <comp ref="FB4">
      <value>FerriteBead_Small</value>
      <footprint>Capacitor_SMD:C_0603_1608Metric</footprint>
      <libsource lib="Device" part="FerriteBead_Small" description="Ferrite bead, small symbol"/>
      <property name="Sheetname" value="max31855_breakout4"/>
      <property name="Sheetfile" value="max31855_breakout.kicad_sch"/>
      <property name="ki_description" value="Ferrite bead, small symbol"/>
      <property name="ki_keywords" value="L ferrite bead inductor filter"/>
      <sheetpath names="/max31855_breakout4/" tstamps="/0b5f2851-e438-4a3b-a01b-a2c5f3d6ab83/"/>
      <tstamps>6c7d2659-eeeb-448e-97c8-2185d3409606</tstamps>
    </comp>
    <comp ref="R4">
      <value>10k</value>
      <footprint>Resistor_SMD:R_0603_1608Metric</footprint>
      <libsource lib="Device" part="R_Small" description="Resistor, small symbol"/>
      <property name="Sheetname" value="max31855_breakout4"/>
      <property name="Sheetfile" value="max31855_breakout.kicad_sch"/>
      <property name="ki_description" value="Resistor, small symbol"/>
      <property name="ki_keywords" value="R resistor"/>
      <sheetpath names="/max31855_breakout4/" tstamps="/0b5f2851-e438-4a3b-a01b-a2c5f3d6ab83/"/>
      <tstamps>6b7a8a89-c037-4519-b3ab-67cd22c126e5</tstamps>
    </comp>
    <comp ref="U2">
      <value>MAX31855KASA</value>
      <footprint>Package_SO:SOIC-8_3.9x4.9mm_P1.27mm</footprint>
      <datasheet>http://datasheets.maximintegrated.com/en/ds/MAX31855.pdf</datasheet>
      <libsource lib="Sensor_Temperature" part="MAX31855KASA" description="Cold Junction K-type Termocouple Interface, SPI, SO8"/>
      <property name="Sheetname" value="max31855_breakout4"/>
      <property name="Sheetfile" value="max31855_breakout.kicad_sch"/>
      <property name="ki_description" value="Cold Junction K-type Termocouple Interface, SPI, SO8"/>
      <property name="ki_keywords" value="Cold Junction Termocouple Interface SPI"/>
      <sheetpath names="/max31855_breakout4/" tstamps="/0b5f2851-e438-4a3b-a01b-a2c5f3d6ab83/"/>
      <tstamps>06c4aa57-a3d9-45e6-976b-4adfc89d30dd</tstamps>
    </comp>
    <comp ref="C7">
      <value>0.01u</value>
      <footprint>Capacitor_SMD:C_0603_1608Metric</footprint>
      <libsource lib="Device" part="C_Small" description="Unpolarized capacitor, small symbol"/>
      <property name="Sheetname" value="max31855_breakout2"/>
      <property name="Sheetfile" value="max31855_breakout.kicad_sch"/>
      <property name="ki_description" value="Unpolarized capacitor, small symbol"/>
      <property name="ki_keywords" value="capacitor cap"/>
      <sheetpath names="/max31855_breakout2/" tstamps="/13959a49-d0e2-4812-9ae8-3b9647a96e38/"/>
      <tstamps>289101c1-7b16-4c53-9035-aba6ec3f52c8</tstamps>
    </comp>
    <comp ref="C8">
      <value>10u</value>
      <footprint>Capacitor_SMD:C_0603_1608Metric</footprint>
      <libsource lib="Device" part="C_Small" description="Unpolarized capacitor, small symbol"/>
      <property name="Sheetname" value="max31855_breakout2"/>
      <property name="Sheetfile" value="max31855_breakout.kicad_sch"/>
      <property name="ki_description" value="Unpolarized capacitor, small symbol"/>
      <property name="ki_keywords" value="capacitor cap"/>
      <sheetpath names="/max31855_breakout2/" tstamps="/13959a49-d0e2-4812-9ae8-3b9647a96e38/"/>
      <tstamps>e89fff80-3432-4d09-9035-77ee05c75e45</tstamps>
    </comp>
    <comp ref="FB5">
      <value>FerriteBead_Small</value>
      <footprint>Capacitor_SMD:C_0603_1608Metric</footprint>
      <libsource lib="Device" part="FerriteBead_Small" description="Ferrite bead, small symbol"/>
      <property name="Sheetname" value="max31855_breakout2"/>
      <property name="Sheetfile" value="max31855_breakout.kicad_sch"/>
      <property name="ki_description" value="Ferrite bead, small symbol"/>
      <property name="ki_keywords" value="L ferrite bead inductor filter"/>
      <sheetpath names="/max31855_breakout2/" tstamps="/13959a49-d0e2-4812-9ae8-3b9647a96e38/"/>
      <tstamps>e74d320f-d2f2-41fb-8d86-c3192789ab48</tstamps>
    </comp>
    <comp ref="FB6">
      <value>FerriteBead_Small</value>
      <footprint>Capacitor_SMD:C_0603_1608Metric</footprint>
      <libsource lib="Device" part="FerriteBead_Small" description="Ferrite bead, small symbol"/>
      <property name="Sheetname" value="max31855_breakout2"/>
      <property name="Sheetfile" value="max31855_breakout.kicad_sch"/>
      <property name="ki_description" value="Ferrite bead, small symbol"/>
      <property name="ki_keywords" value="L ferrite bead inductor filter"/>
      <sheetpath names="/max31855_breakout2/" tstamps="/13959a49-d0e2-4812-9ae8-3b9647a96e38/"/>
      <tstamps>6c7d2659-eeeb-448e-97c8-2185d3409606</tstamps>
    </comp>
    <comp ref="R5">
      <value>10k</value>
      <footprint>Resistor_SMD:R_0603_1608Metric</footprint>
      <libsource lib="Device" part="R_Small" description="Resistor, small symbol"/>
      <property name="Sheetname" value="max31855_breakout2"/>
      <property name="Sheetfile" value="max31855_breakout.kicad_sch"/>
      <property name="ki_description" value="Resistor, small symbol"/>
      <property name="ki_keywords" value="R resistor"/>
      <sheetpath names="/max31855_breakout2/" tstamps="/13959a49-d0e2-4812-9ae8-3b9647a96e38/"/>
      <tstamps>6b7a8a89-c037-4519-b3ab-67cd22c126e5</tstamps>
    </comp>
    <comp ref="U3">
      <value>MAX31855KASA</value>
      <footprint>Package_SO:SOIC-8_3.9x4.9mm_P1.27mm</footprint>
      <datasheet>http://datasheets.maximintegrated.com/en/ds/MAX31855.pdf</datasheet>
      <libsource lib="Sensor_Temperature" part="MAX31855KASA" description="Cold Junction K-type Termocouple Interface, SPI, SO8"/>
      <property name="Sheetname" value="max31855_breakout2"/>
      <property name="Sheetfile" value="max31855_breakout.kicad_sch"/>
      <property name="ki_description" value="Cold Junction K-type Termocouple Interface, SPI, SO8"/>
      <property name="ki_keywords" value="Cold Junction Termocouple Interface SPI"/>
      <sheetpath names="/max31855_breakout2/" tstamps="/13959a49-d0e2-4812-9ae8-3b9647a96e38/"/>
      <tstamps>06c4aa57-a3d9-45e6-976b-4adfc89d30dd</tstamps>
    </comp>
    <comp ref="C9">
      <value>0.01u</value>
      <footprint>Capacitor_SMD:C_0603_1608Metric</footprint>
      <libsource lib="Device" part="C_Small" description="Unpolarized capacitor, small symbol"/>
      <property name="Sheetname" value="max31855_breakout3"/>
      <property name="Sheetfile" value="max31855_breakout.kicad_sch"/>
      <property name="ki_description" value="Unpolarized capacitor, small symbol"/>
      <property name="ki_keywords" value="capacitor cap"/>
      <sheetpath names="/max31855_breakout3/" tstamps="/7222f33b-abdc-4141-a2bb-e5303714b60e/"/>
      <tstamps>289101c1-7b16-4c53-9035-aba6ec3f52c8</tstamps>
    </comp>
    <comp ref="C10">
      <value>10u</value>
      <footprint>Capacitor_SMD:C_0603_1608Metric</footprint>
      <libsource lib="Device" part="C_Small" description="Unpolarized capacitor, small symbol"/>
      <property name="Sheetname" value="max31855_breakout3"/>
      <property name="Sheetfile" value="max31855_breakout.kicad_sch"/>
      <property name="ki_description" value="Unpolarized capacitor, small symbol"/>
      <property name="ki_keywords" value="capacitor cap"/>
      <sheetpath names="/max31855_breakout3/" tstamps="/7222f33b-abdc-4141-a2bb-e5303714b60e/"/>
      <tstamps>e89fff80-3432-4d09-9035-77ee05c75e45</tstamps>
    </comp>
    <comp ref="FB7">
      <value>FerriteBead_Small</value>
      <footprint>Capacitor_SMD:C_0603_1608Metric</footprint>
      <libsource lib="Device" part="FerriteBead_Small" description="Ferrite bead, small symbol"/>
      <property name="Sheetname" value="max31855_breakout3"/>
      <property name="Sheetfile" value="max31855_breakout.kicad_sch"/>
      <property name="ki_description" value="Ferrite bead, small symbol"/>
      <property name="ki_keywords" value="L ferrite bead inductor filter"/>
      <sheetpath names="/max31855_breakout3/" tstamps="/7222f33b-abdc-4141-a2bb-e5303714b60e/"/>
      <tstamps>e74d320f-d2f2-41fb-8d86-c3192789ab48</tstamps>
    </comp>
    <comp ref="FB8">
      <value>FerriteBead_Small</value>
      <footprint>Capacitor_SMD:C_0603_1608Metric</footprint>
      <libsource lib="Device" part="FerriteBead_Small" description="Ferrite bead, small symbol"/>
      <property name="Sheetname" value="max31855_breakout3"/>
      <property name="Sheetfile" value="max31855_breakout.kicad_sch"/>
      <property name="ki_description" value="Ferrite bead, small symbol"/>
      <property name="ki_keywords" value="L ferrite bead inductor filter"/>
      <sheetpath names="/max31855_breakout3/" tstamps="/7222f33b-abdc-4141-a2bb-e5303714b60e/"/>
      <tstamps>6c7d2659-eeeb-448e-97c8-2185d3409606</tstamps>
    </comp>
    <comp ref="R6">
      <value>10k</value>
      <footprint>Resistor_SMD:R_0603_1608Metric</footprint>
      <libsource lib="Device" part="R_Small" description="Resistor, small symbol"/>
      <property name="Sheetname" value="max31855_breakout3"/>
      <property name="Sheetfile" value="max31855_breakout.kicad_sch"/>
      <property name="ki_description" value="Resistor, small symbol"/>
      <property name="ki_keywords" value="R resistor"/>
      <sheetpath names="/max31855_breakout3/" tstamps="/7222f33b-abdc-4141-a2bb-e5303714b60e/"/>
      <tstamps>6b7a8a89-c037-4519-b3ab-67cd22c126e5</tstamps>
    </comp>
    <comp ref="U4">
      <value>MAX31855KASA</value>
      <footprint>Package_SO:SOIC-8_3.9x4.9mm_P1.27mm</footprint>
      <datasheet>http://datasheets.maximintegrated.com/en/ds/MAX31855.pdf</datasheet>
      <libsource lib="Sensor_Temperature" part="MAX31855KASA" description="Cold Junction K-type Termocouple Interface, SPI, SO8"/>
      <property name="Sheetname" value="max31855_breakout3"/>
      <property name="Sheetfile" value="max31855_breakout.kicad_sch"/>
      <property name="ki_description" value="Cold Junction K-type Termocouple Interface, SPI, SO8"/>
      <property name="ki_keywords" value="Cold Junction Termocouple Interface SPI"/>
      <sheetpath names="/max31855_breakout3/" tstamps="/7222f33b-abdc-4141-a2bb-e5303714b60e/"/>
      <tstamps>06c4aa57-a3d9-45e6-976b-4adfc89d30dd</tstamps>
    </comp>
  </components>
  <libparts>
    <libpart lib="Connector" part="DB15_Female">
      <description>15-pin female D-SUB connector (low-density/2 columns)</description>
      <docs> ~</docs>
      <footprints>
        <fp>DSUB*Female*</fp>
      </footprints>
      <fields>
        <field name="Reference">J</field>
        <field name="Value">DB15_Female</field>
        <field name="Datasheet"> ~</field>
      </fields>
      <pins>
        <pin num="1" name="1" type="passive"/>
        <pin num="2" name="2" type="passive"/>
        <pin num="3" name="3" type="passive"/>
        <pin num="4" name="4" type="passive"/>
        <pin num="5" name="5" type="passive"/>
        <pin num="6" name="6" type="passive"/>
        <pin num="7" name="7" type="passive"/>
        <pin num="8" name="8" type="passive"/>
        <pin num="9" name="P9" type="passive"/>
        <pin num="10" name="P10" type="passive"/>
        <pin num="11" name="P111" type="passive"/>
        <pin num="12" name="P12" type="passive"/>
        <pin num="13" name="P13" type="passive"/>
        <pin num="14" name="P14" type="passive"/>
        <pin num="15" name="P15" type="passive"/>
      </pins>
    </libpart>
    <libpart lib="Connector" part="DB25_Receptacle">
      <description>25-pin female receptacle socket D-SUB connector</description>
      <docs> ~</docs>
      <footprints>
        <fp>DSUB*Female*</fp>
      </footprints>
      <fields>
        <field name="Reference">J</field>
        <field name="Value">DB25_Receptacle</field>
        <field name="Datasheet"> ~</field>
      </fields>
      <pins>
        <pin num="1" name="1" type="passive"/>
        <pin num="2" name="2" type="passive"/>
        <pin num="3" name="3" type="passive"/>
        <pin num="4" name="4" type="passive"/>
        <pin num="5" name="5" type="passive"/>
        <pin num="6" name="6" type="passive"/>
        <pin num="7" name="7" type="passive"/>
        <pin num="8" name="8" type="passive"/>
        <pin num="9" name="9" type="passive"/>
        <pin num="10" name="10" type="passive"/>
        <pin num="11" name="11" type="passive"/>
        <pin num="12" name="12" type="passive"/>
        <pin num="13" name="13" type="passive"/>
        <pin num="14" name="P14" type="passive"/>
        <pin num="15" name="P15" type="passive"/>
        <pin num="16" name="P16" type="passive"/>
        <pin num="17" name="P17" type="passive"/>
        <pin num="18" name="P18" type="passive"/>
        <pin num="19" name="P19" type="passive"/>
        <pin num="20" name="P20" type="passive"/>
        <pin num="21" name="P21" type="passive"/>
        <pin num="22" name="P22" type="passive"/>
        <pin num="23" name="P23" type="passive"/>
        <pin num="24" name="P24" type="passive"/>
        <pin num="25" name="P25" type="passive"/>
      </pins>
    </libpart>
    <libpart lib="Connector" part="DE9_Receptacle">
      <description>9-pin female receptacle socket D-SUB connector</description>
      <docs> ~</docs>
      <footprints>
        <fp>DSUB*Female*</fp>
      </footprints>
      <fields>
        <field name="Reference">J</field>
        <field name="Value">DE9_Receptacle</field>
        <field name="Datasheet"> ~</field>
      </fields>
      <pins>
        <pin num="1" name="1" type="passive"/>
        <pin num="2" name="2" type="passive"/>
        <pin num="3" name="3" type="passive"/>
        <pin num="4" name="4" type="passive"/>
        <pin num="5" name="5" type="passive"/>
        <pin num="6" name="6" type="passive"/>
        <pin num="7" name="7" type="passive"/>
        <pin num="8" name="8" type="passive"/>
        <pin num="9" name="9" type="passive"/>
      </pins>
    </libpart>
    <libpart lib="Device" part="C">
      <description>Unpolarized capacitor</description>
      <docs>~</docs>
      <footprints>
        <fp>C_*</fp>
      </footprints>
      <fields>
        <field name="Reference">C</field>
        <field name="Value">C</field>
        <field name="Datasheet">~</field>
      </fields>
      <pins>
        <pin num="1" name="" type="passive"/>
        <pin num="2" name="" type="passive"/>
      </pins>
    </libpart>
    <libpart lib="Device" part="C_Small">
      <description>Unpolarized capacitor, small symbol</description>
      <docs>~</docs>
      <footprints>
        <fp>C_*</fp>
      </footprints>
      <fields>
        <field name="Reference">C</field>
        <field name="Value">C_Small</field>
        <field name="Datasheet">~</field>
      </fields>
      <pins>
        <pin num="1" name="" type="passive"/>
        <pin num="2" name="" type="passive"/>
      </pins>
    </libpart>
    <libpart lib="Device" part="D_Schottky">
      <description>Schottky diode</description>
      <docs>~</docs>
      <footprints>
        <fp>TO-???*</fp>
        <fp>*_Diode_*</fp>
        <fp>*SingleDiode*</fp>
        <fp>D_*</fp>
      </footprints>
      <fields>
        <field name="Reference">D</field>
        <field name="Value">D_Schottky</field>
        <field name="Datasheet">~</field>
      </fields>
      <pins>
        <pin num="1" name="K" type="passive"/>
        <pin num="2" name="A" type="passive"/>
      </pins>
    </libpart>
    <libpart lib="Device" part="FerriteBead_Small">
      <description>Ferrite bead, small symbol</description>
      <docs>~</docs>
      <footprints>
        <fp>Inductor_*</fp>
        <fp>L_*</fp>
        <fp>*Ferrite*</fp>
      </footprints>
      <fields>
        <field name="Reference">FB</field>
        <field name="Value">FerriteBead_Small</field>
        <field name="Datasheet">~</field>
      </fields>
      <pins>
        <pin num="1" name="" type="passive"/>
        <pin num="2" name="" type="passive"/>
      </pins>
    </libpart>
    <libpart lib="Device" part="R">
      <description>Resistor</description>
      <docs>~</docs>
      <footprints>
        <fp>R_*</fp>
      </footprints>
      <fields>
        <field name="Reference">R</field>
        <field name="Value">R</field>
        <field name="Datasheet">~</field>
      </fields>
      <pins>
        <pin num="1" name="" type="passive"/>
        <pin num="2" name="" type="passive"/>
      </pins>
    </libpart>
    <libpart lib="Device" part="R_Small">
      <description>Resistor, small symbol</description>
      <docs>~</docs>
      <footprints>
        <fp>R_*</fp>
      </footprints>
      <fields>
        <field name="Reference">R</field>
        <field name="Value">R_Small</field>
        <field name="Datasheet">~</field>
      </fields>
      <pins>
        <pin num="1" name="" type="passive"/>
        <pin num="2" name="" type="passive"/>
      </pins>
    </libpart>
    <libpart lib="Sensor_Temperature" part="MAX31855KASA">
      <description>Cold Junction K-type Termocouple Interface, SPI, SO8</description>
      <docs>http://datasheets.maximintegrated.com/en/ds/MAX31855.pdf</docs>
      <footprints>
        <fp>SOIC*3.9x4.9mm*P1.27mm*</fp>
      </footprints>
      <fields>
        <field name="Reference">U</field>
        <field name="Value">MAX31855KASA</field>
        <field name="Footprint">Package_SO:SOIC-8_3.9x4.9mm_P1.27mm</field>
        <field name="Datasheet">http://datasheets.maximintegrated.com/en/ds/MAX31855.pdf</field>
      </fields>
      <pins>
        <pin num="1" name="GND" type="power_in"/>
        <pin num="2" name="T-" type="passive"/>
        <pin num="3" name="T+" type="passive"/>
        <pin num="4" name="VCC" type="power_in"/>
        <pin num="5" name="SCK" type="input"/>
        <pin num="6" name="~{CS}" type="input"/>
        <pin num="7" name="SO" type="tri_state"/>
      </pins>
    </libpart>
    <libpart lib="Stack_Shape" part="Stack_Shape">
      <fields>
        <field name="Reference">J</field>
        <field name="Value">Stack_Shape</field>
      </fields>
      <pins>
        <pin num="A1" name="Pin_1" type="passive"/>
        <pin num="A2" name="Pin_2" type="passive"/>
        <pin num="A3" name="Pin_3" type="passive"/>
        <pin num="A4" name="Pin_4" type="passive"/>
        <pin num="A5" name="Pin_5" type="passive"/>
        <pin num="A6" name="Pin_6" type="passive"/>
        <pin num="A7" name="Pin_7" type="passive"/>
        <pin num="A8" name="Pin_8" type="passive"/>
        <pin num="A9" name="Pin_9" type="passive"/>
        <pin num="A10" name="Pin_10" type="passive"/>
        <pin num="A11" name="Pin_11" type="passive"/>
        <pin num="A12" name="Pin_12" type="passive"/>
        <pin num="A13" name="Pin_13" type="passive"/>
        <pin num="A14" name="Pin_14" type="passive"/>
        <pin num="A15" name="Pin_15" type="passive"/>
        <pin num="A16" name="Pin_16" type="passive"/>
        <pin num="A17" name="Pin_17" type="passive"/>
        <pin num="A18" name="Pin_18" type="passive"/>
        <pin num="A19" name="Pin_19" type="passive"/>
        <pin num="A20" name="Pin_20" type="passive"/>
        <pin num="A21" name="Pin_21" type="passive"/>
        <pin num="A22" name="Pin_22" type="passive"/>
        <pin num="A23" name="Pin_23" type="passive"/>
        <pin num="A24" name="Pin_24" type="passive"/>
        <pin num="A25" name="Pin_25" type="passive"/>
        <pin num="A26" name="Pin_26" type="passive"/>
        <pin num="A27" name="Pin_27" type="passive"/>
        <pin num="A28" name="Pin_28" type="passive"/>
        <pin num="A29" name="Pin_29" type="passive"/>
        <pin num="A30" name="Pin_30" type="passive"/>
        <pin num="A31" name="Pin_31" type="passive"/>
        <pin num="A32" name="Pin_32" type="passive"/>
        <pin num="A33" name="Pin_33" type="passive"/>
        <pin num="A34" name="Pin_34" type="passive"/>
        <pin num="A35" name="Pin_35" type="passive"/>
        <pin num="A36" name="Pin_36" type="passive"/>
        <pin num="A37" name="Pin_37" type="passive"/>
        <pin num="A38" name="Pin_38" type="passive"/>
        <pin num="A39" name="Pin_39" type="passive"/>
        <pin num="A40" name="Pin_40" type="passive"/>
        <pin num="B1" name="Pin_1" type="passive"/>
        <pin num="B2" name="Pin_2" type="passive"/>
        <pin num="B3" name="Pin_3" type="passive"/>
        <pin num="B4" name="Pin_4" type="passive"/>
        <pin num="B5" name="Pin_5" type="passive"/>
        <pin num="B6" name="Pin_6" type="passive"/>
        <pin num="B7" name="Pin_7" type="passive"/>
        <pin num="B8" name="Pin_8" type="passive"/>
        <pin num="B9" name="Pin_9" type="passive"/>
        <pin num="B10" name="Pin_10" type="passive"/>
        <pin num="B11" name="Pin_11" type="passive"/>
        <pin num="B12" name="Pin_12" type="passive"/>
        <pin num="B13" name="Pin_13" type="passive"/>
        <pin num="B14" name="Pin_14" type="passive"/>
        <pin num="B15" name="Pin_15" type="passive"/>
        <pin num="B16" name="Pin_16" type="passive"/>
        <pin num="B17" name="Pin_17" type="passive"/>
        <pin num="B18" name="Pin_18" type="passive"/>
        <pin num="B19" name="Pin_19" type="passive"/>
        <pin num="B20" name="Pin_20" type="passive"/>
        <pin num="B21" name="Pin_21" type="passive"/>
        <pin num="B22" name="Pin_22" type="passive"/>
        <pin num="B23" name="Pin_23" type="passive"/>
        <pin num="B24" name="Pin_24" type="passive"/>
        <pin num="B25" name="Pin_25" type="passive"/>
        <pin num="B26" name="Pin_26" type="passive"/>
        <pin num="B27" name="Pin_27" type="passive"/>
        <pin num="B28" name="Pin_28" type="passive"/>
        <pin num="B29" name="Pin_29" type="passive"/>
        <pin num="B30" name="Pin_30" type="passive"/>
        <pin num="B31" name="Pin_31" type="passive"/>
        <pin num="B32" name="Pin_32" type="passive"/>
        <pin num="B33" name="Pin_33" type="passive"/>
        <pin num="B34" name="Pin_34" type="passive"/>
        <pin num="B35" name="Pin_35" type="passive"/>
        <pin num="B36" name="Pin_36" type="passive"/>
        <pin num="B37" name="Pin_37" type="passive"/>
        <pin num="B38" name="Pin_38" type="passive"/>
        <pin num="B39" name="Pin_39" type="passive"/>
        <pin num="B40" name="Pin_40" type="passive"/>
      </pins>
    </libpart>
  </libparts>
  <libraries>
    <library logical="Connector">
      <uri>/Applications/KiCad/KiCad.app/Contents/SharedSupport/symbols//Connector.kicad_sym</uri>
    </library>
    <library logical="Device">
      <uri>/Applications/KiCad/KiCad.app/Contents/SharedSupport/symbols//Device.kicad_sym</uri>
    </library>
    <library logical="Sensor_Temperature">
      <uri>/Applications/KiCad/KiCad.app/Contents/SharedSupport/symbols//Sensor_Temperature.kicad_sym</uri>
    </library>
    <library logical="Stack_Shape">
      <uri>/Users/dulanya/Desktop/le2-pcb-hardware/flight-module/Connector-board/../../hardware-sch-blocks/LE2/Flight_Stack_Shape/Stack_Shape.kicad_sym</uri>
    </library>
  </libraries>
  <nets>
    <net code="1" name="+3.3V">
      <node ref="C10" pin="1" pintype="passive"/>
      <node ref="C4" pin="1" pintype="passive"/>
      <node ref="C6" pin="1" pintype="passive"/>
      <node ref="C8" pin="1" pintype="passive"/>
      <node ref="J1" pin="A1" pinfunction="Pin_1" pintype="passive"/>
      <node ref="J1" pin="A2" pinfunction="Pin_2" pintype="passive"/>
      <node ref="R3" pin="2" pintype="passive"/>
      <node ref="R4" pin="2" pintype="passive"/>
      <node ref="R5" pin="2" pintype="passive"/>
      <node ref="R6" pin="2" pintype="passive"/>
      <node ref="U1" pin="4" pinfunction="VCC" pintype="power_in"/>
      <node ref="U2" pin="4" pinfunction="VCC" pintype="power_in"/>
      <node ref="U3" pin="4" pinfunction="VCC" pintype="power_in"/>
      <node ref="U4" pin="4" pinfunction="VCC" pintype="power_in"/>
    </net>
    <net code="3" name="ETH_VENT">
      <node ref="C1" pin="1" pintype="passive"/>
      <node ref="D1" pin="1" pinfunction="K" pintype="passive"/>
      <node ref="D2" pin="1" pinfunction="K" pintype="passive"/>
      <node ref="D3" pin="1" pinfunction="K" pintype="passive"/>
      <node ref="D7" pin="1" pinfunction="K" pintype="passive"/>
      <node ref="SOLENOIDS_DSUB1" pin="2" pinfunction="2" pintype="passive"/>
    </net>
    <net code="4" name="FLIGHT_ETH_MAIN">
      <node ref="J1" pin="A19" pinfunction="Pin_19" pintype="passive"/>
      <node ref="J1" pin="A20" pinfunction="Pin_20" pintype="passive"/>
    </net>
    <net code="5" name="FLIGHT_ETH_VENT">
      <node ref="D3" pin="2" pinfunction="A" pintype="passive"/>
      <node ref="J1" pin="A15" pinfunction="Pin_15" pintype="passive"/>
      <node ref="J1" pin="A16" pinfunction="Pin_16" pintype="passive"/>
    </net>
    <net code="6" name="FLIGHT_LOX_VENT">
      <node ref="D6" pin="2" pinfunction="A" pintype="passive"/>
      <node ref="J1" pin="A11" pinfunction="Pin_11" pintype="passive"/>
      <node ref="J1" pin="A12" pinfunction="Pin_12" pintype="passive"/>
    </net>
    <net code="8" name="GROUND_ETH_VENT">
      <node ref="D1" pin="2" pinfunction="A" pintype="passive"/>
      <node ref="GND_DSUB1" pin="5" pinfunction="5" pintype="passive"/>
    </net>
    <net code="9" name="GROUND_LOX_VENT">
      <node ref="D4" pin="2" pinfunction="A" pintype="passive"/>
      <node ref="GND_DSUB1" pin="6" pinfunction="6" pintype="passive"/>
    </net>
    <net code="10" name="LOX_VENT">
      <node ref="C2" pin="1" pintype="passive"/>
      <node ref="D4" pin="1" pinfunction="K" pintype="passive"/>
      <node ref="D5" pin="1" pinfunction="K" pintype="passive"/>
      <node ref="D6" pin="1" pinfunction="K" pintype="passive"/>
      <node ref="D8" pin="1" pinfunction="K" pintype="passive"/>
      <node ref="SOLENOIDS_DSUB1" pin="1" pinfunction="1" pintype="passive"/>
    </net>
    <net code="11" name="Net-(C1-Pad2)">
      <node ref="C1" pin="2" pintype="passive"/>
      <node ref="R1" pin="1" pintype="passive"/>
    </net>
    <net code="12" name="Net-(C2-Pad2)">
      <node ref="C2" pin="2" pintype="passive"/>
      <node ref="R2" pin="1" pintype="passive"/>
    </net>
    <net code="13" name="Net-(U1-T+)">
      <node ref="C3" pin="1" pintype="passive"/>
      <node ref="FB1" pin="2" pintype="passive"/>
      <node ref="U1" pin="3" pinfunction="T+" pintype="passive"/>
    </net>
    <net code="14" name="Net-(U1-T-)">
      <node ref="C3" pin="2" pintype="passive"/>
      <node ref="FB2" pin="2" pintype="passive"/>
      <node ref="U1" pin="2" pinfunction="T-" pintype="passive"/>
    </net>
    <net code="15" name="Net-(U2-T+)">
      <node ref="C5" pin="1" pintype="passive"/>
      <node ref="FB3" pin="2" pintype="passive"/>
      <node ref="U2" pin="3" pinfunction="T+" pintype="passive"/>
    </net>
    <net code="16" name="Net-(U2-T-)">
      <node ref="C5" pin="2" pintype="passive"/>
      <node ref="FB4" pin="2" pintype="passive"/>
      <node ref="U2" pin="2" pinfunction="T-" pintype="passive"/>
    </net>
    <net code="17" name="Net-(U3-T+)">
      <node ref="C7" pin="1" pintype="passive"/>
      <node ref="FB5" pin="2" pintype="passive"/>
      <node ref="U3" pin="3" pinfunction="T+" pintype="passive"/>
    </net>
    <net code="18" name="Net-(U3-T-)">
      <node ref="C7" pin="2" pintype="passive"/>
      <node ref="FB6" pin="2" pintype="passive"/>
      <node ref="U3" pin="2" pinfunction="T-" pintype="passive"/>
    </net>
    <net code="19" name="Net-(U4-T+)">
      <node ref="C9" pin="1" pintype="passive"/>
      <node ref="FB7" pin="2" pintype="passive"/>
      <node ref="U4" pin="3" pinfunction="T+" pintype="passive"/>
    </net>
    <net code="20" name="Net-(U4-T-)">
      <node ref="C9" pin="2" pintype="passive"/>
      <node ref="FB8" pin="2" pintype="passive"/>
      <node ref="U4" pin="2" pinfunction="T-" pintype="passive"/>
    </net>
    <net code="21" name="PT1_A+">
      <node ref="J1" pin="B15" pinfunction="Pin_15" pintype="passive"/>
      <node ref="PT_DSUB1" pin="14" pinfunction="P14" pintype="passive"/>
    </net>
    <net code="22" name="PT1_E+">
      <node ref="J1" pin="A5" pinfunction="Pin_5" pintype="passive"/>
      <node ref="J1" pin="A6" pinfunction="Pin_6" pintype="passive"/>
      <node ref="J1" pin="A7" pinfunction="Pin_7" pintype="passive"/>
      <node ref="J1" pin="A8" pinfunction="Pin_8" pintype="passive"/>
      <node ref="J1" pin="B11" pinfunction="Pin_11" pintype="passive"/>
      <node ref="J1" pin="B19" pinfunction="Pin_19" pintype="passive"/>
      <node ref="J1" pin="B27" pinfunction="Pin_27" pintype="passive"/>
      <node ref="J1" pin="B28" pinfunction="Pin_28" pintype="passive"/>
      <node ref="J1" pin="B35" pinfunction="Pin_35" pintype="passive"/>
      <node ref="J1" pin="B36" pinfunction="Pin_36" pintype="passive"/>
      <node ref="PT_DSUB1" pin="1" pinfunction="1" pintype="passive"/>
      <node ref="PT_DSUB1" pin="11" pinfunction="11" pintype="passive"/>
      <node ref="PT_DSUB1" pin="3" pinfunction="3" pintype="passive"/>
      <node ref="PT_DSUB1" pin="5" pinfunction="5" pintype="passive"/>
      <node ref="PT_DSUB1" pin="7" pinfunction="7" pintype="passive"/>
      <node ref="PT_DSUB1" pin="9" pinfunction="9" pintype="passive"/>
    </net>
    <net code="23" name="PT1_E-">
      <node ref="C10" pin="2" pintype="passive"/>
      <node ref="C4" pin="2" pintype="passive"/>
      <node ref="C6" pin="2" pintype="passive"/>
      <node ref="C8" pin="2" pintype="passive"/>
      <node ref="D7" pin="2" pinfunction="A" pintype="passive"/>
      <node ref="D8" pin="2" pinfunction="A" pintype="passive"/>
      <node ref="GND_DSUB1" pin="10" pinfunction="P10" pintype="passive"/>
      <node ref="GND_DSUB1" pin="11" pinfunction="P111" pintype="passive"/>
      <node ref="GND_DSUB1" pin="12" pinfunction="P12" pintype="passive"/>
      <node ref="GND_DSUB1" pin="9" pinfunction="P9" pintype="passive"/>
      <node ref="J1" pin="A10" pinfunction="Pin_10" pintype="passive"/>
      <node ref="J1" pin="A13" pinfunction="Pin_13" pintype="passive"/>
      <node ref="J1" pin="A14" pinfunction="Pin_14" pintype="passive"/>
      <node ref="J1" pin="A17" pinfunction="Pin_17" pintype="passive"/>
      <node ref="J1" pin="A18" pinfunction="Pin_18" pintype="passive"/>
      <node ref="J1" pin="A21" pinfunction="Pin_21" pintype="passive"/>
      <node ref="J1" pin="A22" pinfunction="Pin_22" pintype="passive"/>
      <node ref="J1" pin="A25" pinfunction="Pin_25" pintype="passive"/>
      <node ref="J1" pin="A26" pinfunction="Pin_26" pintype="passive"/>
      <node ref="J1" pin="A3" pinfunction="Pin_3" pintype="passive"/>
      <node ref="J1" pin="A4" pinfunction="Pin_4" pintype="passive"/>
      <node ref="J1" pin="A9" pinfunction="Pin_9" pintype="passive"/>
      <node ref="J1" pin="B13" pinfunction="Pin_13" pintype="passive"/>
      <node ref="J1" pin="B17" pinfunction="Pin_17" pintype="passive"/>
      <node ref="J1" pin="B18" pinfunction="Pin_18" pintype="passive"/>
      <node ref="J1" pin="B21" pinfunction="Pin_21" pintype="passive"/>
      <node ref="J1" pin="B25" pinfunction="Pin_25" pintype="passive"/>
      <node ref="J1" pin="B26" pinfunction="Pin_26" pintype="passive"/>
      <node ref="J1" pin="B29" pinfunction="Pin_29" pintype="passive"/>
      <node ref="J1" pin="B30" pinfunction="Pin_30" pintype="passive"/>
      <node ref="J1" pin="B33" pinfunction="Pin_33" pintype="passive"/>
      <node ref="J1" pin="B34" pinfunction="Pin_34" pintype="passive"/>
      <node ref="J1" pin="B37" pinfunction="Pin_37" pintype="passive"/>
      <node ref="J1" pin="B38" pinfunction="Pin_38" pintype="passive"/>
      <node ref="J1" pin="B5" pinfunction="Pin_5" pintype="passive"/>
      <node ref="J1" pin="B8" pinfunction="Pin_8" pintype="passive"/>
      <node ref="J1" pin="B9" pinfunction="Pin_9" pintype="passive"/>
      <node ref="PT_DSUB1" pin="10" pinfunction="10" pintype="passive"/>
      <node ref="PT_DSUB1" pin="12" pinfunction="12" pintype="passive"/>
      <node ref="PT_DSUB1" pin="2" pinfunction="2" pintype="passive"/>
      <node ref="PT_DSUB1" pin="4" pinfunction="4" pintype="passive"/>
      <node ref="PT_DSUB1" pin="6" pinfunction="6" pintype="passive"/>
      <node ref="PT_DSUB1" pin="8" pinfunction="8" pintype="passive"/>
      <node ref="R1" pin="2" pintype="passive"/>
      <node ref="R2" pin="2" pintype="passive"/>
      <node ref="SOLENOIDS_DSUB1" pin="6" pinfunction="6" pintype="passive"/>
      <node ref="SOLENOIDS_DSUB1" pin="7" pinfunction="7" pintype="passive"/>
      <node ref="U1" pin="1" pinfunction="GND" pintype="power_in"/>
      <node ref="U2" pin="1" pinfunction="GND" pintype="power_in"/>
      <node ref="U3" pin="1" pinfunction="GND" pintype="power_in"/>
      <node ref="U4" pin="1" pinfunction="GND" pintype="power_in"/>
    </net>
    <net code="24" name="PT2_A+">
      <node ref="J1" pin="B23" pinfunction="Pin_23" pintype="passive"/>
      <node ref="PT_DSUB1" pin="16" pinfunction="P16" pintype="passive"/>
    </net>
    <net code="25" name="PT3_A+">
      <node ref="J1" pin="B31" pinfunction="Pin_31" pintype="passive"/>
      <node ref="PT_DSUB1" pin="18" pinfunction="P18" pintype="passive"/>
    </net>
    <net code="26" name="PT4_A+">
      <node ref="J1" pin="B39" pinfunction="Pin_39" pintype="passive"/>
      <node ref="PT_DSUB1" pin="20" pinfunction="P20" pintype="passive"/>
    </net>
    <net code="27" name="PT5_A+">
      <node ref="J1" pin="B32" pinfunction="Pin_32" pintype="passive"/>
      <node ref="PT_DSUB1" pin="22" pinfunction="P22" pintype="passive"/>
    </net>
    <net code="28" name="PT6_A+">
      <node ref="J1" pin="B40" pinfunction="Pin_40" pintype="passive"/>
      <node ref="PT_DSUB1" pin="24" pinfunction="P24" pintype="passive"/>
    </net>
    <net code="29" name="PWR_SUP">
      <node ref="GND_DSUB1" pin="1" pinfunction="1" pintype="passive"/>
      <node ref="GND_DSUB1" pin="2" pinfunction="2" pintype="passive"/>
      <node ref="GND_DSUB1" pin="3" pinfunction="3" pintype="passive"/>
      <node ref="J1" pin="A35" pinfunction="Pin_35" pintype="passive"/>
      <node ref="J1" pin="A36" pinfunction="Pin_36" pintype="passive"/>
      <node ref="J1" pin="A37" pinfunction="Pin_37" pintype="passive"/>
      <node ref="J1" pin="A38" pinfunction="Pin_38" pintype="passive"/>
      <node ref="J1" pin="A39" pinfunction="Pin_39" pintype="passive"/>
      <node ref="J1" pin="A40" pinfunction="Pin_40" pintype="passive"/>
    </net>
    <net code="30" name="REDS_ETH_VENT">
      <node ref="D2" pin="2" pinfunction="A" pintype="passive"/>
      <node ref="GND_DSUB1" pin="13" pinfunction="P13" pintype="passive"/>
    </net>
    <net code="31" name="REDS_LOX_VENT">
      <node ref="D5" pin="2" pinfunction="A" pintype="passive"/>
      <node ref="GND_DSUB1" pin="14" pinfunction="P14" pintype="passive"/>
    </net>
    <net code="32" name="SPI_MISO">
      <node ref="J1" pin="B4" pinfunction="Pin_4" pintype="passive"/>
      <node ref="U1" pin="7" pinfunction="SO" pintype="tri_state"/>
      <node ref="U2" pin="7" pinfunction="SO" pintype="tri_state"/>
      <node ref="U3" pin="7" pinfunction="SO" pintype="tri_state"/>
      <node ref="U4" pin="7" pinfunction="SO" pintype="tri_state"/>
    </net>
    <net code="33" name="SPI_MOSI">
      <node ref="J1" pin="B6" pinfunction="Pin_6" pintype="passive"/>
    </net>
    <net code="34" name="SPI_SCK">
      <node ref="J1" pin="B2" pinfunction="Pin_2" pintype="passive"/>
      <node ref="U1" pin="5" pinfunction="SCK" pintype="input"/>
      <node ref="U2" pin="5" pinfunction="SCK" pintype="input"/>
      <node ref="U3" pin="5" pinfunction="SCK" pintype="input"/>
      <node ref="U4" pin="5" pinfunction="SCK" pintype="input"/>
    </net>
    <net code="35" name="TC1_CS">
      <node ref="J1" pin="B10" pinfunction="Pin_10" pintype="passive"/>
      <node ref="R3" pin="1" pintype="passive"/>
      <node ref="U1" pin="6" pinfunction="~{CS}" pintype="input"/>
    </net>
    <net code="36" name="TC1_T+">
      <node ref="4TC_DSUB1" pin="6" pinfunction="6" pintype="passive"/>
      <node ref="FB1" pin="1" pintype="passive"/>
    </net>
    <net code="37" name="TC1_T-">
      <node ref="4TC_DSUB1" pin="1" pinfunction="1" pintype="passive"/>
      <node ref="FB2" pin="1" pintype="passive"/>
    </net>
    <net code="38" name="TC2_CS">
      <node ref="J1" pin="B12" pinfunction="Pin_12" pintype="passive"/>
      <node ref="R5" pin="1" pintype="passive"/>
      <node ref="U3" pin="6" pinfunction="~{CS}" pintype="input"/>
    </net>
    <net code="39" name="TC2_T+">
      <node ref="4TC_DSUB1" pin="7" pinfunction="7" pintype="passive"/>
      <node ref="FB5" pin="1" pintype="passive"/>
    </net>
    <net code="40" name="TC2_T-">
      <node ref="4TC_DSUB1" pin="2" pinfunction="2" pintype="passive"/>
      <node ref="FB6" pin="1" pintype="passive"/>
    </net>
    <net code="41" name="TC3_CS">
      <node ref="J1" pin="B14" pinfunction="Pin_14" pintype="passive"/>
      <node ref="R6" pin="1" pintype="passive"/>
      <node ref="U4" pin="6" pinfunction="~{CS}" pintype="input"/>
    </net>
    <net code="42" name="TC3_T+">
      <node ref="4TC_DSUB1" pin="8" pinfunction="8" pintype="passive"/>
      <node ref="FB7" pin="1" pintype="passive"/>
    </net>
    <net code="43" name="TC3_T-">
      <node ref="4TC_DSUB1" pin="3" pinfunction="3" pintype="passive"/>
      <node ref="FB8" pin="1" pintype="passive"/>
    </net>
    <net code="44" name="TC4_CS">
      <node ref="J1" pin="B16" pinfunction="Pin_16" pintype="passive"/>
      <node ref="R4" pin="1" pintype="passive"/>
      <node ref="U2" pin="6" pinfunction="~{CS}" pintype="input"/>
    </net>
    <net code="45" name="TC4_T+">
      <node ref="4TC_DSUB1" pin="9" pinfunction="9" pintype="passive"/>
      <node ref="FB3" pin="1" pintype="passive"/>
    </net>
    <net code="46" name="TC4_T-">
      <node ref="4TC_DSUB1" pin="4" pinfunction="4" pintype="passive"/>
      <node ref="FB4" pin="1" pintype="passive"/>
    </net>
    <net code="47" name="unconnected-(4TC_DSUB1-Pad5)">
      <node ref="4TC_DSUB1" pin="5" pinfunction="5" pintype="passive+no_connect"/>
    </net>
    <net code="48" name="unconnected-(GND_DSUB1-P15-Pad15)">
      <node ref="GND_DSUB1" pin="15" pinfunction="P15" pintype="passive+no_connect"/>
    </net>
    <net code="49" name="unconnected-(GND_DSUB1-Pad4)">
      <node ref="GND_DSUB1" pin="4" pinfunction="4" pintype="passive+no_connect"/>
    </net>
    <net code="50" name="unconnected-(GND_DSUB1-Pad7)">
      <node ref="GND_DSUB1" pin="7" pinfunction="7" pintype="passive+no_connect"/>
    </net>
    <net code="51" name="unconnected-(GND_DSUB1-Pad8)">
      <node ref="GND_DSUB1" pin="8" pinfunction="8" pintype="passive+no_connect"/>
    </net>
    <net code="52" name="unconnected-(J1A-Pin_23-PadA23)">
      <node ref="J1" pin="A23" pinfunction="Pin_23" pintype="passive+no_connect"/>
    </net>
    <net code="53" name="unconnected-(J1A-Pin_24-PadA24)">
      <node ref="J1" pin="A24" pinfunction="Pin_24" pintype="passive+no_connect"/>
    </net>
    <net code="54" name="unconnected-(J1A-Pin_27-PadA27)">
      <node ref="J1" pin="A27" pinfunction="Pin_27" pintype="passive+no_connect"/>
    </net>
    <net code="55" name="unconnected-(J1A-Pin_28-PadA28)">
      <node ref="J1" pin="A28" pinfunction="Pin_28" pintype="passive+no_connect"/>
    </net>
    <net code="56" name="unconnected-(J1A-Pin_29-PadA29)">
      <node ref="J1" pin="A29" pinfunction="Pin_29" pintype="passive+no_connect"/>
    </net>
    <net code="57" name="unconnected-(J1A-Pin_30-PadA30)">
      <node ref="J1" pin="A30" pinfunction="Pin_30" pintype="passive+no_connect"/>
    </net>
    <net code="58" name="unconnected-(J1A-Pin_31-PadA31)">
      <node ref="J1" pin="A31" pinfunction="Pin_31" pintype="passive+no_connect"/>
    </net>
    <net code="59" name="unconnected-(J1A-Pin_32-PadA32)">
      <node ref="J1" pin="A32" pinfunction="Pin_32" pintype="passive+no_connect"/>
    </net>
    <net code="60" name="unconnected-(J1A-Pin_33-PadA33)">
      <node ref="J1" pin="A33" pinfunction="Pin_33" pintype="passive+no_connect"/>
    </net>
    <net code="61" name="unconnected-(J1A-Pin_34-PadA34)">
      <node ref="J1" pin="A34" pinfunction="Pin_34" pintype="passive+no_connect"/>
    </net>
    <net code="62" name="unconnected-(J1B-Pin_1-PadB1)">
      <node ref="J1" pin="B1" pinfunction="Pin_1" pintype="passive+no_connect"/>
    </net>
    <net code="63" name="unconnected-(J1B-Pin_3-PadB3)">
      <node ref="J1" pin="B3" pinfunction="Pin_3" pintype="passive+no_connect"/>
    </net>
    <net code="64" name="unconnected-(J1B-Pin_7-PadB7)">
      <node ref="J1" pin="B7" pinfunction="Pin_7" pintype="passive+no_connect"/>
    </net>
    <net code="65" name="unconnected-(J1B-Pin_20-PadB20)">
      <node ref="J1" pin="B20" pinfunction="Pin_20" pintype="passive+no_connect"/>
    </net>
    <net code="66" name="unconnected-(J1B-Pin_22-PadB22)">
      <node ref="J1" pin="B22" pinfunction="Pin_22" pintype="passive+no_connect"/>
    </net>
    <net code="67" name="unconnected-(J1B-Pin_24-PadB24)">
      <node ref="J1" pin="B24" pinfunction="Pin_24" pintype="passive+no_connect"/>
    </net>
    <net code="68" name="unconnected-(PT_DSUB1-P15-Pad15)">
      <node ref="PT_DSUB1" pin="15" pinfunction="P15" pintype="passive+no_connect"/>
    </net>
    <net code="69" name="unconnected-(PT_DSUB1-P17-Pad17)">
      <node ref="PT_DSUB1" pin="17" pinfunction="P17" pintype="passive+no_connect"/>
    </net>
    <net code="70" name="unconnected-(PT_DSUB1-P19-Pad19)">
      <node ref="PT_DSUB1" pin="19" pinfunction="P19" pintype="passive+no_connect"/>
    </net>
    <net code="71" name="unconnected-(PT_DSUB1-P21-Pad21)">
      <node ref="PT_DSUB1" pin="21" pinfunction="P21" pintype="passive+no_connect"/>
    </net>
    <net code="72" name="unconnected-(PT_DSUB1-P23-Pad23)">
      <node ref="PT_DSUB1" pin="23" pinfunction="P23" pintype="passive+no_connect"/>
    </net>
    <net code="73" name="unconnected-(PT_DSUB1-P25-Pad25)">
      <node ref="PT_DSUB1" pin="25" pinfunction="P25" pintype="passive+no_connect"/>
    </net>
    <net code="74" name="unconnected-(PT_DSUB1-Pad13)">
      <node ref="PT_DSUB1" pin="13" pinfunction="13" pintype="passive+no_connect"/>
    </net>
    <net code="75" name="unconnected-(SOLENOIDS_DSUB1-Pad3)">
      <node ref="SOLENOIDS_DSUB1" pin="3" pinfunction="3" pintype="passive+no_connect"/>
    </net>
    <net code="76" name="unconnected-(SOLENOIDS_DSUB1-Pad4)">
      <node ref="SOLENOIDS_DSUB1" pin="4" pinfunction="4" pintype="passive+no_connect"/>
    </net>
    <net code="77" name="unconnected-(SOLENOIDS_DSUB1-Pad5)">
      <node ref="SOLENOIDS_DSUB1" pin="5" pinfunction="5" pintype="passive+no_connect"/>
    </net>
    <net code="78" name="unconnected-(SOLENOIDS_DSUB1-Pad8)">
      <node ref="SOLENOIDS_DSUB1" pin="8" pinfunction="8" pintype="passive+no_connect"/>
    </net>
    <net code="79" name="unconnected-(SOLENOIDS_DSUB1-Pad9)">
      <node ref="SOLENOIDS_DSUB1" pin="9" pinfunction="9" pintype="passive+no_connect"/>
    </net>
  </nets>
</export>
